text,label
"result = 'graphed'",Code
"Line plot with specified x_vars:import seaborn as sns import matplotlib.pyplot as plt # Generate a line plot for column  with specified x_vars sns.lineplot(data=df x=df.index y=column  hue=column  ) plt.savefig(os.path.join('src' 'Database' 'charts' 'line_plot.png')) result = 'graphed'","Code"
"Scatter plot with specified x_vars and y_vars:import seaborn as sns import matplotlib.pyplot as plt # Show a scatter plot with specified x_vars and y_vars sns.scatterplot(data=df x=column  y=column   hue=column   ) plt.savefig(os.path.join('src' 'Database' 'charts' 'scatter_plot.png')) result = 'graphed'","Code"
"Scatter plot between two columns with specified x_vars and y_vars:import seaborn as sns import matplotlib.pyplot as plt # Create a scatter plot between column  and column   with specified x_vars and y_vars sns.scatterplot(data=df x=column  y=column   hue=column   ) plt.savefig(os.path.join('src' 'Database' 'charts' 'scatter_plot_column _column  .png')) result = 'graphed'","Code"
"Histogram for column  with specified x_vars:import seaborn as sns import matplotlib.pyplot as plt # Generate a histogram for column  with specified x_vars sns.histplot(data=df x=column  hue=column  ) plt.savefig(os.path.join('src' 'Database' 'charts' 'histogram_column .png')) result = 'graphed'","Code"
"Bar plot for column  with specified x_vars:import seaborn as sns import matplotlib.pyplot as plt # Show a bar plot for column  with specified x_vars sns.barplot(data=df x=df.index y=column  hue=column  ) plt.savefig(os.path.join('src' 'Database' 'charts' 'bar_plot_column .png')) result = 'graphed'","Code"
"Heatmap for the correlation matrix with specified x_vars and y_vars:import seaborn as sns import matplotlib.pyplot as plt # Generate a heatmap for the correlation matrix with specified x_vars and y_vars sns.heatmap(data=df.corr() annot=True cmap='coolwarm' xticklabels=df.columns yticklabels=df.columns) plt.savefig(os.path.join('src' 'Database' 'charts' 'heatmap.png')) result = 'graphed'","Code"
"Pair plot with specified x_vars and y_vars:import seaborn as sns import matplotlib.pyplot as plt # Generate a pair plot for the dataframe with specified x_vars and y_vars sns.pairplot(df x_vars=['column ' 'column  '] y_vars=['column   ' 'column   ']) plt.savefig(os.path.join('src' 'Database' 'charts' 'pair_plot.png')) result = 'graphed'","Code"
"Here are some famous sns plot formats","Sentence"
"important : sns.pairplot(data=df x_vars=Iterable[str] y_vars=Iterable[str] )","Sentence"
"we also have sns.histplot sns.distplot sns.barplot sns.heatmap and countplots. ","Sentence"
"Using Streamlit Plots Example:","Code"
"sns.heatmap(data=df.corr() annot=True cmap='coolwarm' xticklabels=df.columns yticklabels=df.columns)","Code"
"def streamlitplots(self):","Code"
"numerical_columns = self.data.select_dtypes(include='number').columns.tolist()","Code"
"import os\n import re\n import tim e\n import pandas\n","Code"
"num_plots = len(numerical_columns)","Code"
"num_rows = (num_plots) + (num_plots >)  # Calculate number of rows needed","Code"
"fig axes = plt.subplots(num_rows     figsize=(         *num_rows))","Code"
"for i column in enumerate(numerical_columns):","Code"
"row = i //","Code"
"col = i %","Code"
"st.write(f"### {column}")","Code"
"if is_numeric_dtype(self.data[column]):","Code"
"with st.expander(f"{column} Analysis")::","Code"
"st.write("Histogram:")","Code"
"fig = px.histogram(self.data x=column nbins=      )","Code"
"sns.pairplot(df x_vars=['column ' 'column  '] y_vars=['column   ' 'column   ']),Code
"plt.savefig(os.path.join('src' 'Database' 'charts' 'pair_plot.png'))",Code
"result = 'graphed'","Code"
"st.plotly_chart(fig)","Code"
"st.write("Box Plot:")","Code"
What insights can we derive from the data analysis?,Sentence
"Exploring the data opens up new avenues of inquiry.",Sentence
"Data exploration is the first step towards deeper understanding.",Sentence
"import numpy as np\nimport seaborn as sns\nimport matplotlib.pyplot as plt\n\n# Generate random data\ndata = np.random.randn(100)\n\n# Create a histogram\nsns.histplot(data=data, kde=True)\nplt.title('Histogram with KDE')\nplt.xlabel('Values')\nplt.ylabel('Frequency')\nplt.show()","Code"
"import pandas as pd\nimport seaborn as sns\nimport matplotlib.pyplot as plt\n\n# Load dataset\niris = sns.load_dataset('iris')\n\n# Create a pairplot\nsns.pairplot(iris, hue='species')\nplt.title('Pairplot of Iris Dataset')\nplt.show()","Code"
"import pandas as pd\nimport seaborn as sns\nimport matplotlib.pyplot as plt\n\n# Load dataset\ntips = sns.load_dataset('tips')\n\n# Create a bar plot\nsns.barplot(x='day', y='total_bill', data=tips)\nplt.title('Bar Plot of Total Bill by Day')\nplt.xlabel('Day')\nplt.ylabel('Total Bill')\nplt.show()","Code"
"import numpy as np\nimport seaborn as sns\nimport matplotlib.pyplot as plt\n\n# Generate random data\nx = np.random.randn(100)\ny = np.random.randn(100)\n\n# Create a scatter plot\nsns.scatterplot(x=x, y=y)\nplt.title('Scatter Plot')\nplt.xlabel('X')\nplt.ylabel('Y')\nplt.show()","Code"
"import numpy as np\nimport pandas as pd\nimport seaborn as sns\nimport matplotlib.pyplot as plt\n\n# Generate random data\nx = np.random.randn(100)\ny = np.random.randn(100)\n\n# Create a DataFrame\ndf = pd.DataFrame({'X': x, 'Y': y})\n\n# Create a line plot\nsns.lineplot(data=df, x='X', y='Y')\nplt.title('Line Plot')\nplt.xlabel('X')\nplt.ylabel('Y')\nplt.show()","Code"
"import pandas as pd\nimport seaborn as sns\nimport matplotlib.pyplot as plt\n\n# Load dataset\ntitanic = sns.load_dataset('titanic')\n\n# Create a heatmap\nsns.heatmap(data=titanic.corr(), annot=True, cmap='coolwarm')\nplt.title('Heatmap of Titanic Dataset')\nplt.show()","Code"
"import pandas as pd\nimport seaborn as sns\nimport matplotlib.pyplot as plt\n\n# Load dataset\ndiamonds = sns.load_dataset('diamonds')\n\n# Create a violin plot\nsns.violinplot(x='cut', y='price', data=diamonds)\nplt.title('Violin Plot of Diamond Prices by Cut')\nplt.xlabel('Cut')\nplt.ylabel('Price')\nplt.show()","Code"
"import pandas as pd\nimport seaborn as sns\nimport matplotlib.pyplot as plt\n\n# Load dataset\nmpg = sns.load_dataset('mpg')\n\n# Create a box plot\nsns.boxplot(x='origin', y='mpg', data=mpg)\nplt.title('Box Plot of MPG by Origin')\nplt.xlabel('Origin')\nplt.ylabel('MPG')\nplt.show()","Code"
"import pandas as pd\nimport seaborn as sns\nimport streamlit as st\n\n# Load dataset\niris = sns.load_dataset('iris')\n\n# Display dataframe\nst.write(iris)","Code"
"import pandas as pd\nimport seaborn as sns\nimport streamlit as st\n\n# Load dataset\ntips = sns.load_dataset('tips')\n\n# Display first 10 rows\nst.write(tips.head(10))","Code"
"import pandas as pd\nimport seaborn as sns\nimport streamlit as st\n\n# Load dataset\nmpg = sns.load_dataset('mpg')\n\n# Display summary statistics\nst.write(mpg.describe())","Code"
"import numpy as np\nimport seaborn as sns\nimport matplotlib.pyplot as plt\n\n# Generate random data\ndata = np.random.randn(100)\n\n# Create a histogram\nsns.histplot(data=data, kde=True)\nplt.title('Histogram with KDE')\nplt.xlabel('Values')\nplt.ylabel('Frequency')\nplt.show()","Code"
"import pandas as pd\nimport seaborn as sns\nimport matplotlib.pyplot as plt\n\n# Load dataset\niris = sns.load_dataset('iris')\n\n# Create a pairplot\nsns.pairplot(iris, hue='species')\nplt.title('Pairplot of Iris Dataset')\nplt.show()","Code"
"import pandas as pd\nimport seaborn as sns\nimport matplotlib.pyplot as plt\n\n# Load dataset\ntips = sns.load_dataset('tips')\n\n# Create a bar plot\nsns.barplot(x='day', y='total_bill', data=tips)\nplt.title('Bar Plot of Total Bill by Day')\nplt.xlabel('Day')\nplt.ylabel('Total Bill')\nplt.show()","Code"
"import numpy as np\nimport seaborn as sns\nimport matplotlib.pyplot as plt\n\n# Generate random data\nx = np.random.randn(100)\ny = np.random.randn(100)\n\n# Create a scatter plot\nsns.scatterplot(x=x, y=y)\nplt.title('Scatter Plot')\nplt.xlabel('X')\nplt.ylabel('Y')\nplt.show()","Code"
"import numpy as np\nimport pandas as pd\nimport seaborn as sns\nimport matplotlib.pyplot as plt\n\n# Generate random data\nx = np.random.randn(100)\ny = np.random.randn(100)\n\n# Create a DataFrame\ndf = pd.DataFrame({'X': x, 'Y': y})\n\n# Create a line plot\nsns.lineplot(data=df, x='X', y='Y')\nplt.title('Line Plot')\nplt.xlabel('X')\nplt.ylabel('Y')\nplt.show()","Code"
"import pandas as pd\nimport seaborn as sns\nimport matplotlib.pyplot as plt\n\n# Load dataset\ntitanic = sns.load_dataset('titanic')\n\n# Create a heatmap\nsns.heatmap(data=titanic.corr(), annot=True, cmap='coolwarm')\nplt.title('Heatmap of Titanic Dataset')\nplt.show()","Code"
"import pandas as pd\nimport seaborn as sns\nimport matplotlib.pyplot as plt\n\n# Load dataset\ndiamonds = sns.load_dataset('diamonds')\n\n# Create a violin plot\nsns.violinplot(x='cut', y='price', data=diamonds)\nplt.title('Violin Plot of Diamond Prices by Cut')\nplt.xlabel('Cut')\nplt.ylabel('Price')\nplt.show()","Code"
"import pandas as pd\nimport seaborn as sns\nimport matplotlib.pyplot as plt\n\n# Load dataset\nmpg = sns.load_dataset('mpg')\n\n# Create a box plot\nsns.boxplot(x='origin', y='mpg', data=mpg)\nplt.title('Box Plot of MPG by Origin')\nplt.xlabel('Origin')\nplt.ylabel('MPG')\nplt.show()","Code"
"import pandas as pd\nimport seaborn as sns\nimport streamlit as st\n\n# Load dataset\niris = sns.load_dataset('iris')\n\n# Display dataframe\nst.write(iris)","Code"
"import pandas as pd\nimport seaborn as sns\nimport streamlit as st\n\n# Load dataset\ntips = sns.load_dataset('tips')\n\n# Display first 10 rows\nst.write(tips.head(10))","Code"
"import pandas as pd\nimport seaborn as sns\nimport streamlit as st\n\n# Load dataset\nmpg = sns.load_dataset('mpg')\n\n# Display summary statistics\nst.write(mpg.describe())","Code"
"import numpy as np\nimport pandas as pd\nimport seaborn as sns\nimport matplotlib.pyplot as plt\n\n# Generate random data\ndata = np.random.rand(10, 5)\n\n# Create a DataFrame\ndf = pd.DataFrame(data, columns=['A', 'B', 'C', 'D', 'E'])\n\n# Create a box plot\nsns.boxplot(data=df)\nplt.title('Box Plot of Random Data')\nplt.show()","Code"
"import numpy as np\nimport pandas as pd\nimport seaborn as sns\nimport matplotlib.pyplot as plt\n\n# Generate random data\ndata = np.random.randn(100)\n\n# Create a histogram\nsns.histplot(data=data, bins=20, kde=True)\nplt.title('Histogram with KDE (20 bins)')\nplt.xlabel('Values')\nplt.ylabel('Frequency')\nplt.show()","Code"
"import pandas as pd\nimport seaborn as sns\nimport matplotlib.pyplot as plt\n\n# Load dataset\nflights = sns.load_dataset('flights')\n\n# Pivot the data\npivot_flights = flights.pivot('month', 'year', 'passengers')\n\n# Create a heatmap\nsns.heatmap(data=pivot_flights, cmap='YlGnBu', annot=True)\nplt.title('Heatmap of Flights Dataset')\nplt.show()","Code"
"import pandas as pd\nimport seaborn as sns\nimport matplotlib.pyplot as plt\n\n# Load dataset\ndiamonds = sns.load_dataset('diamonds')\n\n# Create a pairplot with hue\nsns.pairplot(diamonds, hue='cut')\nplt.title('Pairplot of Diamond Dataset with Hue')\nplt.show()","Code"
"import pandas as pd\nimport seaborn as sns\nimport matplotlib.pyplot as plt\n\n# Load dataset\ntitanic = sns.load_dataset('titanic')\n\n# Create a bar plot\nsns.barplot(x='class', y='survived', data=titanic)\nplt.title('Bar Plot of Survival Rate by Class')\nplt.xlabel('Class')\nplt.ylabel('Survival Rate')\nplt.show()","Code"
"import pandas as pd\nimport seaborn as sns\nimport matplotlib.pyplot as plt\n\n# Load dataset\nmpg = sns.load_dataset('mpg')\n\n# Create a line plot\nsns.lineplot(data=mpg, x='model_year', y='mpg', hue='origin')\nplt.title('Line Plot of MPG by Model Year with Origin')\nplt.xlabel('Model Year')\nplt.ylabel('MPG')\nplt.show()","Code"
"import seaborn as sns\nimport pandas as pd\nimport matplotlib.pyplot as plt\n\n# Load dataset\ndiamonds = sns.load_dataset('diamonds')\n\n# Display the first 5 rows\nprint(diamonds.head())","Code"
"import pandas as pd\nimport seaborn as sns\nimport matplotlib.pyplot as plt\n\n# Load dataset\nmpg = sns.load_dataset('mpg')\n\n# Display summary statistics\nprint(mpg.describe())","Code"
"import matplotlib.pyplot as plt\nimport pandas as pd\nimport seaborn as sns\n\n# Load dataset\ntips = sns.load_dataset('tips')\n\n# Create a bar plot\nsns.barplot(x='day', y='total_bill', data=tips)\nplt.title('Bar Plot of Total Bill by Day')\nplt.xlabel('Day')\nplt.ylabel('Total Bill')\nplt.show()","Code"
"import pandas as pd\nimport matplotlib.pyplot as plt\nimport seaborn as sns\n\n# Load dataset\ndiamonds = sns.load_dataset('diamonds')\n\n# Create a scatter plot\nsns.scatterplot(x='carat', y='price', data=diamonds)\nplt.title('Scatter Plot of Carat vs Price')\nplt.xlabel('Carat')\nplt.ylabel('Price')\nplt.show()","Code"
"import matplotlib.pyplot as plt\nimport seaborn as sns\nimport pandas as pd\n\n# Load dataset\niris = sns.load_dataset('iris')\n\n# Create a pairplot\nsns.pairplot(iris, hue='species')\nplt.title('Pairplot of Iris Dataset')\nplt.show()","Code"
"import pandas as pd\nimport matplotlib.pyplot as plt\nimport seaborn as sns\n\n# Load dataset\nflights = sns.load_dataset('flights')\n\n# Display dataframe info\nprint(flights.info())","Code"
"import seaborn as sns\nimport pandas as pd\nimport matplotlib.pyplot as plt\n\n# Load dataset\ntitanic = sns.load_dataset('titanic')\n\n# Display the last 5 rows\nprint(titanic.tail())","Code"
"import pandas as pd\nimport matplotlib.pyplot as plt\nimport seaborn as sns\n\n# Load dataset\ntitanic = sns.load_dataset('titanic')\n\n# Create a heatmap\nsns.heatmap(data=titanic.corr(), annot=True, cmap='coolwarm')\nplt.title('Heatmap of Titanic Dataset')\nplt.show()","Code"
"import matplotlib.pyplot as plt\nimport seaborn as sns\nimport pandas as pd\n\n# Load dataset\niris = sns.load_dataset('iris')\n\n# Display dataframe shape\nprint(iris.shape)","Code"
"import seaborn as sns\nimport pandas as pd\nimport matplotlib.pyplot as plt\n\n# Load dataset\nmpg = sns.load_dataset('mpg')\n\n# Display column names\nprint(mpg.columns)","Code"
"The data reveals interesting variations in feature distribution across different categories.","Sentence"
"We can observe intriguing trends and patterns in the dataset.","Sentence"
"The primary factors influencing the target variable are evident from the data analysis.","Sentence"
"Anomalies or outliers exist within the dataset and require further investigation.","Sentence"
"The data exhibits correlations with external factors such as economic indicators and weather conditions.","Sentence"
"Preprocessing steps are necessary to ensure data cleanliness and accuracy before analysis.","Sentence"
"Various machine learning algorithms are suitable for modeling this type of data.","Sentence"
"To evaluate the models effectively, we should consider appropriate performance metrics.","Sentence"
"Visualizing the data can provide valuable insights into its underlying structure and relationships.","Sentence"
"Missing values or inconsistencies may be present in the dataset and need to be addressed.","Sentence"
"The key features driving the outcomes of interest are discernible through thorough analysis.","Sentence"
"The dataset's comparison to industry benchmarks or standards provides valuable context for interpretation.","Sentence"
"Potential biases or limitations in the data collection process should be carefully considered during analysis.","Sentence"
"The findings have significant implications for decision-making and future research endeavors.","Sentence"
"Data reliability is crucial, and measures have likely been taken to ensure data quality.","Sentence"
"We must consider potential ethical considerations associated with analyzing this dataset.","Sentence"
"The data aligns well with existing theories or hypotheses in the field.","Sentence"
"The dataset's limitations must be acknowledged to avoid misinterpretation of results.","Sentence"
"Effective communication of findings to stakeholders is essential for informed decision-making.","Sentence"
"The data provides valuable insights into various aspects of interest.","Sentence"
"The results offer intriguing glimpses into the underlying patterns and relationships within the dataset.","Sentence"
"The data suggests correlations between different variables, providing insights into their relationships.","Sentence"
"Exploring the dataset reveals interesting trends and phenomena worth further investigation.","Sentence"
"Analyzing the data can lead to valuable discoveries and actionable insights.","Sentence"
"The dataset presents a rich source of information, offering opportunities for in-depth analysis.","Sentence"
"Understanding the data is key to unlocking its potential and extracting meaningful insights.","Sentence"
"Delving deeper into the data can uncover hidden relationships and patterns.","Sentence"
"The data analysis uncovers intriguing stories and narratives within the dataset.","Sentence"
"Interpreting the data requires a combination of analytical skills and domain knowledge.","Sentence"
"The data provides valuable insights into real-world phenomena and their underlying dynamics.","Sentence"
"Examining the data sheds light on underlying patterns and trends that may inform decision-making.","Sentence"
"Data analysis reveals connections and correlations that can inform future research directions.","Sentence"
"Exploring the dataset helps us draw meaningful conclusions and make informed decisions.","Sentence"
"The data offers valuable insights into various aspects of interest, shaping our understanding of the subject matter.","Sentence"
"Analyzing the data allows us to identify key drivers and factors influencing the outcomes of interest.","Sentence"
"The dataset provides a comprehensive view of the subject matter, facilitating in-depth analysis and interpretation.","Sentence"
"Unraveling the complexities of the dataset yields valuable insights and actionable recommendations.","Sentence"
"Data analysis uncovers hidden gems within the dataset, revealing opportunities for further exploration.","Sentence"
"The data offers a nuanced understanding of the subject matter, highlighting its multidimensional nature.","Sentence"
"Exploring the dataset reveals intricate relationships and dependencies among different variables.","Sentence"
"Interpreting the data requires careful consideration of context and potential biases inherent in the dataset.","Sentence"
"Visualizing the data through various plots and charts can provide clearer insights into its patterns and trends.","Sentence"
"Utilizing machine learning algorithms can help uncover complex relationships and make predictions based on the data.","Sentence"
"Conducting statistical analysis on the dataset can reveal significant correlations and trends worth exploring further.","Sentence"
"Exploring the data with different analytical techniques can offer diverse perspectives and deeper understanding.","Sentence"
"The dataset offers a wealth of opportunities for exploratory data analysis, hypothesis testing, and predictive modeling.","Sentence"
"Applying data preprocessing techniques such as cleaning, normalization, and feature engineering is essential for accurate analysis.","Sentence"
"Performing feature selection and dimensionality reduction can streamline the analysis process and improve model performance.","Sentence"
"Evaluating model performance using appropriate metrics such as accuracy, precision, recall, and F1 score is crucial for assessing its effectiveness.","Sentence"
"Interpreting the results of data analysis requires careful consideration of statistical significance and practical implications.","Sentence"
"Communicating the findings of data analysis effectively to stakeholders involves clear visualization, storytelling, and actionable recommendations.","Sentence"
"Understanding the limitations and biases inherent in the dataset is essential for interpreting the results accurately and responsibly.","Sentence"
"Addressing data quality issues such as missing values, outliers, and data imbalances is necessary for robust analysis and reliable insights.","Sentence"
"Validating the results of data analysis through cross-validation and sensitivity analysis enhances the credibility and reliability of findings.","Sentence"
"Incorporating domain knowledge and expert insights into the analysis process enriches the interpretation and relevance of the results.","Sentence"
"Exploring the data through interactive dashboards and visualizations can facilitate stakeholder engagement and decision-making.","Sentence"
"Employing ensemble modeling techniques such as bagging, boosting, and stacking can improve model robustness and generalization.","Sentence"
"Utilizing advanced machine learning algorithms such as neural networks, support vector machines, and gradient boosting can capture complex patterns in the data.","Sentence"
"Exploring the temporal dynamics of the dataset over time can reveal trends, seasonality, and long-term patterns.","Sentence"
"Integrating external data sources such as demographic information, economic indicators, and social media data can enrich the analysis and provide additional context.","Sentence"
"Conducting sensitivity analysis and scenario planning can assess the robustness of findings under different assumptions and conditions.","Sentence"
"Performing data preprocessing tasks such as handling missing values, encoding categorical variables, and scaling features is essential for preparing the data for analysis.","Sentence"
"Exploring the data distribution through histograms, box plots, and density plots can reveal insights into its underlying structure and characteristics.","Sentence"
"Analyzing the relationships between variables using correlation matrices, scatter plots, and pair plots can identify patterns and dependencies in the data.","Sentence"
"Examining the distribution of the target variable across different categories and subgroups can provide insights into its variation and potential predictors.","Sentence"
"Exploring the data through descriptive statistics such as mean, median, standard deviation, and percentiles can summarize its central tendencies and variability.","Sentence"
"Visualizing the data using geographic maps, network graphs, and word clouds can uncover spatial patterns, connections, and textual insights.","Sentence"
"Applying dimensionality reduction techniques such as PCA and t-SNE can help visualize high-dimensional data in lower-dimensional space while preserving its structure.","Sentence"
"Conducting hypothesis testing and statistical inference can assess the significance of relationships and differences observed in the data.","Sentence"
"Employing time series analysis techniques such as decomposition, forecasting, and anomaly detection can uncover temporal patterns and trends in the data.","Sentence"
"Utilizing clustering algorithms such as K-means, hierarchical clustering, and DBSCAN can group similar data points together and identify natural clusters or segments.","Sentence"
"Performing feature importance analysis using tree-based models, permutation importance, or SHAP values can identify the most influential variables in predicting the target variable.","Sentence"
"Applying outlier detection methods such as z-score, isolation forest, and local outlier factor can identify unusual or anomalous data points in the dataset.","Sentence"
"Exploring the data through interactive visualizations and dashboards using tools like Plotly, Bokeh, and Dash can facilitate exploratory analysis and insight generation.","Sentence"
"Utilizing natural language processing techniques such as tokenization, named entity recognition, and sentiment analysis can extract valuable insights from textual data.","Sentence"
"Conducting sentiment analysis on text data using machine learning models or lexicon-based approaches can uncover sentiments, opinions, and attitudes expressed in the data.","Sentence"
"Exploring network data using graph analysis techniques such as centrality measures, community detection, and network visualization can reveal structural patterns and relationships.","Sentence"
"Applying reinforcement learning algorithms to sequential data can discover optimal decision-making strategies and policies based on feedback and rewards.","Sentence"
"import pandas as pd\nimport numpy as np\nimport matplotlib.pyplot as plt\nimport seaborn as sns\n\n# Load the dataset\ndata = pd.read_csv('dataset.csv')\n\n# Explore the first few rows of the dataset\nprint(data.head())\n\n# Check for missing values\nprint(data.isnull().sum())\n\n# Visualize the distribution of a numerical feature\nsns.histplot(data['numerical_feature'])\nplt.title('Distribution of Numerical Feature')\nplt.xlabel('Value')\nplt.ylabel('Frequency')\nplt.show()","Code"
"import pandas as pd\nimport numpy as np\nimport matplotlib.pyplot as plt\nimport seaborn as sns\n\n# Load the dataset\ndata = pd.read_csv('dataset.csv')\n\n# Explore the first few rows of the dataset\nprint(data.head())\n\n# Check for missing values\nprint(data.isnull().sum())\n\n# Visualize the relationship between two numerical features\nsns.scatterplot(x='feature1', y='feature2', data=data)\nplt.title('Relationship between Feature1 and Feature2')\nplt.xlabel('Feature1')\nplt.ylabel('Feature2')\nplt.show()","Code"
"import pandas as pd\nimport numpy as np\nimport matplotlib.pyplot as plt\nimport seaborn as sns\n\n# Load the dataset\ndata = pd.read_csv('dataset.csv')\n\n# Explore the first few rows of the dataset\nprint(data.head())\n\n# Check for missing values\nprint(data.isnull().sum())\n\n# Visualize the distribution of a categorical feature\nsns.countplot(x='categorical_feature', data=data)\nplt.title('Distribution of Categorical Feature')\nplt.xlabel('Category')\nplt.ylabel('Count')\nplt.show()","Code"
"import pandas as pd\nimport numpy as np\nimport matplotlib.pyplot as plt\nimport seaborn as sns\n\n# Load the dataset\ndata = pd.read_csv('dataset.csv')\n\n# Explore the first few rows of the dataset\nprint(data.head())\n\n# Check for missing values\nprint(data.isnull().sum())\n\n# Visualize the correlation matrix\nsns.heatmap(data.corr(), annot=True, cmap='coolwarm')\nplt.title('Correlation Matrix')\nplt.show()","Code"
"import pandas as pd\nimport numpy as np\nimport matplotlib.pyplot as plt\nimport seaborn as sns\n\n# Load the dataset\ndata = pd.read_csv('dataset.csv')\n\n# Explore the first few rows of the dataset\nprint(data.head())\n\n# Check for missing values\nprint(data.isnull().sum())\n\n# Visualize a box plot of a numerical feature\nsns.boxplot(x='numerical_feature', data=data)\nplt.title('Box Plot of Numerical Feature')\nplt.xlabel('Value')\nplt.show()","Code"
"import pandas as pd\nimport numpy as np\nimport matplotlib.pyplot as plt\nimport seaborn as sns\n\n# Load the dataset\ndata = pd.read_csv('dataset.csv')\n\n# Explore the first few rows of the dataset\nprint(data.head())\n\n# Check for missing values\nprint(data.isnull().sum())\n\n# Visualize the distribution of a numerical feature by category\nsns.violinplot(x='category', y='numerical_feature', data=data)\nplt.title('Distribution of Numerical Feature by Category')\nplt.xlabel('Category')\nplt.ylabel('Numerical Feature')\nplt.show()","Code"
"import pandas as pd\nimport numpy as np\nimport matplotlib.pyplot as plt\nimport seaborn as sns\n\n# Load the dataset\ndata = pd.read_csv('dataset.csv')\n\n# Explore the first few rows of the dataset\nprint(data.head())\n\n# Check for missing values\nprint(data.isnull().sum())\n\n# Visualize the distribution of a numerical feature over time\nsns.lineplot(x='date', y='numerical_feature', data=data)\nplt.title('Trend of Numerical Feature over Time')\nplt.xlabel('Date')\nplt.ylabel('Numerical Feature')\nplt.show()","Code"
"import pandas as pd\nimport numpy as np\nimport matplotlib.pyplot as plt\nimport seaborn as sns\n\n# Load the dataset\ndata = pd.read_csv('dataset.csv')\n\n# Explore the first few rows of the dataset\nprint(data.head())\n\n# Check for missing values\nprint(data.isnull().sum())\n\n# Visualize the distribution of a numerical feature by category\nsns.boxenplot(x='category', y='numerical_feature', data=data)\nplt.title('Boxen Plot of Numerical Feature by Category')\nplt.xlabel('Category')\nplt.ylabel('Numerical Feature')\nplt.show()","Code"
"import pandas as pd\nimport numpy as np\nimport matplotlib.pyplot as plt\nimport seaborn as sns\n\n# Load the dataset\ndata = pd.read_csv('dataset.csv')\n\n# Explore the first few rows of the dataset\nprint(data.head())\n\n# Check for missing values\nprint(data.isnull().sum())\n\n# Visualize the distribution of a numerical feature by category\nsns.swarmplot(x='category', y='numerical_feature', data=data)\nplt.title('Swarm Plot of Numerical Feature by Category')\nplt.xlabel('Category')\nplt.ylabel('Numerical Feature')\nplt.show()","Code"
"import pandas as pd\nimport numpy as np\nimport matplotlib.pyplot as plt\nimport seaborn as sns\n\n# Load the dataset\ndata = pd.read_csv('dataset.csv')\n\n# Explore the first few rows of the dataset\nprint(data.head())\n\n# Check for missing values\nprint(data.isnull().sum())\n\n# Visualize the distribution of a numerical feature by category\nsns.barplot(x='category', y='numerical_feature', data=data)\nplt.title('Bar Plot of Numerical Feature by Category')\nplt.xlabel('Category')\nplt.ylabel('Numerical Feature')\nplt.show()","Code"
"import pandas as pd\nimport numpy as np\nimport matplotlib.pyplot as plt\nimport seaborn as sns\n\n# Load the dataset\ndata = pd.read_csv('dataset.csv')\n\n# Explore the first few rows of the dataset\nprint(data.head())\n\n# Check for missing values\nprint(data.isnull().sum())\n\n# Visualize the distribution of a numerical feature by category\nsns.pointplot(x='category', y='numerical_feature', data=data)\nplt.title('Point Plot of Numerical Feature by Category')\nplt.xlabel('Category')\nplt.ylabel('Numerical Feature')\nplt.show()","Code"
"import pandas as pd\nimport numpy as np\nimport matplotlib.pyplot as plt\nimport seaborn as sns\n\n# Load the dataset\ndata = pd.read_csv('dataset.csv')\n\n# Explore the first few rows of the dataset\nprint(data.head())\n\n# Check for missing values\nprint(data.isnull().sum())\n\n# Visualize the distribution","Code"
"result = 'graphed'",Code
"Line plot with specified x_vars:import seaborn as sns import matplotlib.pyplot as plt # Generate a line plot for column  with specified x_vars sns.lineplot(data=df x=df.index y=column  hue=column  ) plt.savefig(os.path.join('src' 'Database' 'charts' 'line_plot.png')) result = 'graphed'","Code"
"Scatter plot with specified x_vars and y_vars:import seaborn as sns import matplotlib.pyplot as plt # Show a scatter plot with specified x_vars and y_vars sns.scatterplot(data=df x=column  y=column   hue=column   ) plt.savefig(os.path.join('src' 'Database' 'charts' 'scatter_plot.png')) result = 'graphed'","Code"
"Scatter plot between two columns with specified x_vars and y_vars:import seaborn as sns import matplotlib.pyplot as plt # Create a scatter plot between column  and column   with specified x_vars and y_vars sns.scatterplot(data=df x=column  y=column   hue=column   ) plt.savefig(os.path.join('src' 'Database' 'charts' 'scatter_plot_column _column  .png')) result = 'graphed'","Code"
"Histogram for column  with specified x_vars:import seaborn as sns import matplotlib.pyplot as plt # Generate a histogram for column  with specified x_vars sns.histplot(data=df x=column  hue=column  ) plt.savefig(os.path.join('src' 'Database' 'charts' 'histogram_column .png')) result = 'graphed'","Code"
"Bar plot for column  with specified x_vars:import seaborn as sns import matplotlib.pyplot as plt # Show a bar plot for column  with specified x_vars sns.barplot(data=df x=df.index y=column  hue=column  ) plt.savefig(os.path.join('src' 'Database' 'charts' 'bar_plot_column .png')) result = 'graphed'","Code"
"Heatmap for the correlation matrix with specified x_vars and y_vars:import seaborn as sns import matplotlib.pyplot as plt # Generate a heatmap for the correlation matrix with specified x_vars and y_vars sns.heatmap(data=df.corr() annot=True cmap='coolwarm' xticklabels=df.columns yticklabels=df.columns) plt.savefig(os.path.join('src' 'Database' 'charts' 'heatmap.png')) result = 'graphed'","Code"
"Pair plot with specified x_vars and y_vars:import seaborn as sns import matplotlib.pyplot as plt # Generate a pair plot for the dataframe with specified x_vars and y_vars sns.pairplot(df x_vars=['column ' 'column  '] y_vars=['column   ' 'column   ']) plt.savefig(os.path.join('src' 'Database' 'charts' 'pair_plot.png')) result = 'graphed'","Code"
"Here are some famous sns plot formats","Sentence"
"important : sns.pairplot(data=df x_vars=Iterable[str] y_vars=Iterable[str] )","Sentence"
"we also have sns.histplot sns.distplot sns.barplot sns.heatmap and countplots. ","Sentence"
"Using Streamlit Plots Example:","Code"
"sns.heatmap(data=df.corr() annot=True cmap='coolwarm' xticklabels=df.columns yticklabels=df.columns)","Code"
"def streamlitplots(self):","Code"
"numerical_columns = self.data.select_dtypes(include='number').columns.tolist()","Code"
"import os\n import re\n import tim e\n import pandas\n","Code"
"num_plots = len(numerical_columns)","Code"
"num_rows = (num_plots) + (num_plots >)  # Calculate number of rows needed","Code"
"fig axes = plt.subplots(num_rows     figsize=(         *num_rows))","Code"
"for i column in enumerate(numerical_columns):","Code"
"row = i //","Code"
"col = i %","Code"
"st.write(f"### {column}")","Code"
"if is_numeric_dtype(self.data[column]):","Code"
"with st.expander(f"{column} Analysis")::","Code"
"st.write("Histogram:")","Code"
"fig = px.histogram(self.data x=column nbins=      )","Code"
"sns.pairplot(df x_vars=['column ' 'column  '] y_vars=['column   ' 'column   ']),Code
"plt.savefig(os.path.join('src' 'Database' 'charts' 'pair_plot.png'))",Code
"result = 'graphed'","Code"
"st.plotly_chart(fig)","Code"
"st.write("Box Plot:")","Code"
What insights can we derive from the data analysis?,Sentence
"Exploring the data opens up new avenues of inquiry.",Sentence
"Data exploration is the first step towards deeper understanding.",Sentence
"import numpy as np\nimport seaborn as sns\nimport matplotlib.pyplot as plt\n\n# Generate random data\ndata = np.random.randn(100)\n\n# Create a histogram\nsns.histplot(data=data, kde=True)\nplt.title('Histogram with KDE')\nplt.xlabel('Values')\nplt.ylabel('Frequency')\nplt.show()","Code"
"import pandas as pd\nimport seaborn as sns\nimport matplotlib.pyplot as plt\n\n# Load dataset\niris = sns.load_dataset('iris')\n\n# Create a pairplot\nsns.pairplot(iris, hue='species')\nplt.title('Pairplot of Iris Dataset')\nplt.show()","Code"
"import pandas as pd\nimport seaborn as sns\nimport matplotlib.pyplot as plt\n\n# Load dataset\ntips = sns.load_dataset('tips')\n\n# Create a bar plot\nsns.barplot(x='day', y='total_bill', data=tips)\nplt.title('Bar Plot of Total Bill by Day')\nplt.xlabel('Day')\nplt.ylabel('Total Bill')\nplt.show()","Code"
"import numpy as np\nimport seaborn as sns\nimport matplotlib.pyplot as plt\n\n# Generate random data\nx = np.random.randn(100)\ny = np.random.randn(100)\n\n# Create a scatter plot\nsns.scatterplot(x=x, y=y)\nplt.title('Scatter Plot')\nplt.xlabel('X')\nplt.ylabel('Y')\nplt.show()","Code"
"import numpy as np\nimport pandas as pd\nimport seaborn as sns\nimport matplotlib.pyplot as plt\n\n# Generate random data\nx = np.random.randn(100)\ny = np.random.randn(100)\n\n# Create a DataFrame\ndf = pd.DataFrame({'X': x, 'Y': y})\n\n# Create a line plot\nsns.lineplot(data=df, x='X', y='Y')\nplt.title('Line Plot')\nplt.xlabel('X')\nplt.ylabel('Y')\nplt.show()","Code"
"import pandas as pd\nimport seaborn as sns\nimport matplotlib.pyplot as plt\n\n# Load dataset\ntitanic = sns.load_dataset('titanic')\n\n# Create a heatmap\nsns.heatmap(data=titanic.corr(), annot=True, cmap='coolwarm')\nplt.title('Heatmap of Titanic Dataset')\nplt.show()","Code"
"import pandas as pd\nimport seaborn as sns\nimport matplotlib.pyplot as plt\n\n# Load dataset\ndiamonds = sns.load_dataset('diamonds')\n\n# Create a violin plot\nsns.violinplot(x='cut', y='price', data=diamonds)\nplt.title('Violin Plot of Diamond Prices by Cut')\nplt.xlabel('Cut')\nplt.ylabel('Price')\nplt.show()","Code"
"import pandas as pd\nimport seaborn as sns\nimport matplotlib.pyplot as plt\n\n# Load dataset\nmpg = sns.load_dataset('mpg')\n\n# Create a box plot\nsns.boxplot(x='origin', y='mpg', data=mpg)\nplt.title('Box Plot of MPG by Origin')\nplt.xlabel('Origin')\nplt.ylabel('MPG')\nplt.show()","Code"
"import pandas as pd\nimport seaborn as sns\nimport streamlit as st\n\n# Load dataset\niris = sns.load_dataset('iris')\n\n# Display dataframe\nst.write(iris)","Code"
"import pandas as pd\nimport seaborn as sns\nimport streamlit as st\n\n# Load dataset\ntips = sns.load_dataset('tips')\n\n# Display first 10 rows\nst.write(tips.head(10))","Code"
"import pandas as pd\nimport seaborn as sns\nimport streamlit as st\n\n# Load dataset\nmpg = sns.load_dataset('mpg')\n\n# Display summary statistics\nst.write(mpg.describe())","Code"
"import numpy as np\nimport seaborn as sns\nimport matplotlib.pyplot as plt\n\n# Generate random data\ndata = np.random.randn(100)\n\n# Create a histogram\nsns.histplot(data=data, kde=True)\nplt.title('Histogram with KDE')\nplt.xlabel('Values')\nplt.ylabel('Frequency')\nplt.show()","Code"
"import pandas as pd\nimport seaborn as sns\nimport matplotlib.pyplot as plt\n\n# Load dataset\niris = sns.load_dataset('iris')\n\n# Create a pairplot\nsns.pairplot(iris, hue='species')\nplt.title('Pairplot of Iris Dataset')\nplt.show()","Code"
"import pandas as pd\nimport seaborn as sns\nimport matplotlib.pyplot as plt\n\n# Load dataset\ntips = sns.load_dataset('tips')\n\n# Create a bar plot\nsns.barplot(x='day', y='total_bill', data=tips)\nplt.title('Bar Plot of Total Bill by Day')\nplt.xlabel('Day')\nplt.ylabel('Total Bill')\nplt.show()","Code"
"import numpy as np\nimport seaborn as sns\nimport matplotlib.pyplot as plt\n\n# Generate random data\nx = np.random.randn(100)\ny = np.random.randn(100)\n\n# Create a scatter plot\nsns.scatterplot(x=x, y=y)\nplt.title('Scatter Plot')\nplt.xlabel('X')\nplt.ylabel('Y')\nplt.show()","Code"
"import numpy as np\nimport pandas as pd\nimport seaborn as sns\nimport matplotlib.pyplot as plt\n\n# Generate random data\nx = np.random.randn(100)\ny = np.random.randn(100)\n\n# Create a DataFrame\ndf = pd.DataFrame({'X': x, 'Y': y})\n\n# Create a line plot\nsns.lineplot(data=df, x='X', y='Y')\nplt.title('Line Plot')\nplt.xlabel('X')\nplt.ylabel('Y')\nplt.show()","Code"
"import pandas as pd\nimport seaborn as sns\nimport matplotlib.pyplot as plt\n\n# Load dataset\ntitanic = sns.load_dataset('titanic')\n\n# Create a heatmap\nsns.heatmap(data=titanic.corr(), annot=True, cmap='coolwarm')\nplt.title('Heatmap of Titanic Dataset')\nplt.show()","Code"
"import pandas as pd\nimport seaborn as sns\nimport matplotlib.pyplot as plt\n\n# Load dataset\ndiamonds = sns.load_dataset('diamonds')\n\n# Create a violin plot\nsns.violinplot(x='cut', y='price', data=diamonds)\nplt.title('Violin Plot of Diamond Prices by Cut')\nplt.xlabel('Cut')\nplt.ylabel('Price')\nplt.show()","Code"
"import pandas as pd\nimport seaborn as sns\nimport matplotlib.pyplot as plt\n\n# Load dataset\nmpg = sns.load_dataset('mpg')\n\n# Create a box plot\nsns.boxplot(x='origin', y='mpg', data=mpg)\nplt.title('Box Plot of MPG by Origin')\nplt.xlabel('Origin')\nplt.ylabel('MPG')\nplt.show()","Code"
"import pandas as pd\nimport seaborn as sns\nimport streamlit as st\n\n# Load dataset\niris = sns.load_dataset('iris')\n\n# Display dataframe\nst.write(iris)","Code"
"import pandas as pd\nimport seaborn as sns\nimport streamlit as st\n\n# Load dataset\ntips = sns.load_dataset('tips')\n\n# Display first 10 rows\nst.write(tips.head(10))","Code"
"import pandas as pd\nimport seaborn as sns\nimport streamlit as st\n\n# Load dataset\nmpg = sns.load_dataset('mpg')\n\n# Display summary statistics\nst.write(mpg.describe())","Code"
"import numpy as np\nimport pandas as pd\nimport seaborn as sns\nimport matplotlib.pyplot as plt\n\n# Generate random data\ndata = np.random.rand(10, 5)\n\n# Create a DataFrame\ndf = pd.DataFrame(data, columns=['A', 'B', 'C', 'D', 'E'])\n\n# Create a box plot\nsns.boxplot(data=df)\nplt.title('Box Plot of Random Data')\nplt.show()","Code"
"import numpy as np\nimport pandas as pd\nimport seaborn as sns\nimport matplotlib.pyplot as plt\n\n# Generate random data\ndata = np.random.randn(100)\n\n# Create a histogram\nsns.histplot(data=data, bins=20, kde=True)\nplt.title('Histogram with KDE (20 bins)')\nplt.xlabel('Values')\nplt.ylabel('Frequency')\nplt.show()","Code"
"import pandas as pd\nimport seaborn as sns\nimport matplotlib.pyplot as plt\n\n# Load dataset\nflights = sns.load_dataset('flights')\n\n# Pivot the data\npivot_flights = flights.pivot('month', 'year', 'passengers')\n\n# Create a heatmap\nsns.heatmap(data=pivot_flights, cmap='YlGnBu', annot=True)\nplt.title('Heatmap of Flights Dataset')\nplt.show()","Code"
"import pandas as pd\nimport seaborn as sns\nimport matplotlib.pyplot as plt\n\n# Load dataset\ndiamonds = sns.load_dataset('diamonds')\n\n# Create a pairplot with hue\nsns.pairplot(diamonds, hue='cut')\nplt.title('Pairplot of Diamond Dataset with Hue')\nplt.show()","Code"
"import pandas as pd\nimport seaborn as sns\nimport matplotlib.pyplot as plt\n\n# Load dataset\ntitanic = sns.load_dataset('titanic')\n\n# Create a bar plot\nsns.barplot(x='class', y='survived', data=titanic)\nplt.title('Bar Plot of Survival Rate by Class')\nplt.xlabel('Class')\nplt.ylabel('Survival Rate')\nplt.show()","Code"
"import pandas as pd\nimport seaborn as sns\nimport matplotlib.pyplot as plt\n\n# Load dataset\nmpg = sns.load_dataset('mpg')\n\n# Create a line plot\nsns.lineplot(data=mpg, x='model_year', y='mpg', hue='origin')\nplt.title('Line Plot of MPG by Model Year with Origin')\nplt.xlabel('Model Year')\nplt.ylabel('MPG')\nplt.show()","Code"
"import seaborn as sns\nimport pandas as pd\nimport matplotlib.pyplot as plt\n\n# Load dataset\ndiamonds = sns.load_dataset('diamonds')\n\n# Display the first 5 rows\nprint(diamonds.head())","Code"
"import pandas as pd\nimport seaborn as sns\nimport matplotlib.pyplot as plt\n\n# Load dataset\nmpg = sns.load_dataset('mpg')\n\n# Display summary statistics\nprint(mpg.describe())","Code"
"import matplotlib.pyplot as plt\nimport pandas as pd\nimport seaborn as sns\n\n# Load dataset\ntips = sns.load_dataset('tips')\n\n# Create a bar plot\nsns.barplot(x='day', y='total_bill', data=tips)\nplt.title('Bar Plot of Total Bill by Day')\nplt.xlabel('Day')\nplt.ylabel('Total Bill')\nplt.show()","Code"
"import pandas as pd\nimport matplotlib.pyplot as plt\nimport seaborn as sns\n\n# Load dataset\ndiamonds = sns.load_dataset('diamonds')\n\n# Create a scatter plot\nsns.scatterplot(x='carat', y='price', data=diamonds)\nplt.title('Scatter Plot of Carat vs Price')\nplt.xlabel('Carat')\nplt.ylabel('Price')\nplt.show()","Code"
"import matplotlib.pyplot as plt\nimport seaborn as sns\nimport pandas as pd\n\n# Load dataset\niris = sns.load_dataset('iris')\n\n# Create a pairplot\nsns.pairplot(iris, hue='species')\nplt.title('Pairplot of Iris Dataset')\nplt.show()","Code"
"import pandas as pd\nimport matplotlib.pyplot as plt\nimport seaborn as sns\n\n# Load dataset\nflights = sns.load_dataset('flights')\n\n# Display dataframe info\nprint(flights.info())","Code"
"import seaborn as sns\nimport pandas as pd\nimport matplotlib.pyplot as plt\n\n# Load dataset\ntitanic = sns.load_dataset('titanic')\n\n# Display the last 5 rows\nprint(titanic.tail())","Code"
"import pandas as pd\nimport matplotlib.pyplot as plt\nimport seaborn as sns\n\n# Load dataset\ntitanic = sns.load_dataset('titanic')\n\n# Create a heatmap\nsns.heatmap(data=titanic.corr(), annot=True, cmap='coolwarm')\nplt.title('Heatmap of Titanic Dataset')\nplt.show()","Code"
"import matplotlib.pyplot as plt\nimport seaborn as sns\nimport pandas as pd\n\n# Load dataset\niris = sns.load_dataset('iris')\n\n# Display dataframe shape\nprint(iris.shape)","Code"
"import seaborn as sns\nimport pandas as pd\nimport matplotlib.pyplot as plt\n\n# Load dataset\nmpg = sns.load_dataset('mpg')\n\n# Display column names\nprint(mpg.columns)","Code"
"The data reveals interesting variations in feature distribution across different categories.","Sentence"
"We can observe intriguing trends and patterns in the dataset.","Sentence"
"The primary factors influencing the target variable are evident from the data analysis.","Sentence"
"Anomalies or outliers exist within the dataset and require further investigation.","Sentence"
"The data exhibits correlations with external factors such as economic indicators and weather conditions.","Sentence"
"Preprocessing steps are necessary to ensure data cleanliness and accuracy before analysis.","Sentence"
"Various machine learning algorithms are suitable for modeling this type of data.","Sentence"
"To evaluate the models effectively, we should consider appropriate performance metrics.","Sentence"
"Visualizing the data can provide valuable insights into its underlying structure and relationships.","Sentence"
"Missing values or inconsistencies may be present in the dataset and need to be addressed.","Sentence"
"The key features driving the outcomes of interest are discernible through thorough analysis.","Sentence"
"The dataset's comparison to industry benchmarks or standards provides valuable context for interpretation.","Sentence"
"Potential biases or limitations in the data collection process should be carefully considered during analysis.","Sentence"
"The findings have significant implications for decision-making and future research endeavors.","Sentence"
"Data reliability is crucial, and measures have likely been taken to ensure data quality.","Sentence"
"We must consider potential ethical considerations associated with analyzing this dataset.","Sentence"
"The data aligns well with existing theories or hypotheses in the field.","Sentence"
"The dataset's limitations must be acknowledged to avoid misinterpretation of results.","Sentence"
"Effective communication of findings to stakeholders is essential for informed decision-making.","Sentence"
"The data provides valuable insights into various aspects of interest.","Sentence"
"The results offer intriguing glimpses into the underlying patterns and relationships within the dataset.","Sentence"
"The data suggests correlations between different variables, providing insights into their relationships.","Sentence"
"Exploring the dataset reveals interesting trends and phenomena worth further investigation.","Sentence"
"Analyzing the data can lead to valuable discoveries and actionable insights.","Sentence"
"The dataset presents a rich source of information, offering opportunities for in-depth analysis.","Sentence"
"Understanding the data is key to unlocking its potential and extracting meaningful insights.","Sentence"
"Delving deeper into the data can uncover hidden relationships and patterns.","Sentence"
"The data analysis uncovers intriguing stories and narratives within the dataset.","Sentence"
"Interpreting the data requires a combination of analytical skills and domain knowledge.","Sentence"
"The data provides valuable insights into real-world phenomena and their underlying dynamics.","Sentence"
"Examining the data sheds light on underlying patterns and trends that may inform decision-making.","Sentence"
"Data analysis reveals connections and correlations that can inform future research directions.","Sentence"
"Exploring the dataset helps us draw meaningful conclusions and make informed decisions.","Sentence"
"The data offers valuable insights into various aspects of interest, shaping our understanding of the subject matter.","Sentence"
"Analyzing the data allows us to identify key drivers and factors influencing the outcomes of interest.","Sentence"
"The dataset provides a comprehensive view of the subject matter, facilitating in-depth analysis and interpretation.","Sentence"
"Unraveling the complexities of the dataset yields valuable insights and actionable recommendations.","Sentence"
"Data analysis uncovers hidden gems within the dataset, revealing opportunities for further exploration.","Sentence"
"The data offers a nuanced understanding of the subject matter, highlighting its multidimensional nature.","Sentence"
"Exploring the dataset reveals intricate relationships and dependencies among different variables.","Sentence"
"Interpreting the data requires careful consideration of context and potential biases inherent in the dataset.","Sentence"
"Visualizing the data through various plots and charts can provide clearer insights into its patterns and trends.","Sentence"
"Utilizing machine learning algorithms can help uncover complex relationships and make predictions based on the data.","Sentence"
"Conducting statistical analysis on the dataset can reveal significant correlations and trends worth exploring further.","Sentence"
"Exploring the data with different analytical techniques can offer diverse perspectives and deeper understanding.","Sentence"
"The dataset offers a wealth of opportunities for exploratory data analysis, hypothesis testing, and predictive modeling.","Sentence"
"Applying data preprocessing techniques such as cleaning, normalization, and feature engineering is essential for accurate analysis.","Sentence"
"Performing feature selection and dimensionality reduction can streamline the analysis process and improve model performance.","Sentence"
"Evaluating model performance using appropriate metrics such as accuracy, precision, recall, and F1 score is crucial for assessing its effectiveness.","Sentence"
"Interpreting the results of data analysis requires careful consideration of statistical significance and practical implications.","Sentence"
"Communicating the findings of data analysis effectively to stakeholders involves clear visualization, storytelling, and actionable recommendations.","Sentence"
"Understanding the limitations and biases inherent in the dataset is essential for interpreting the results accurately and responsibly.","Sentence"
"Addressing data quality issues such as missing values, outliers, and data imbalances is necessary for robust analysis and reliable insights.","Sentence"
"Validating the results of data analysis through cross-validation and sensitivity analysis enhances the credibility and reliability of findings.","Sentence"
"Incorporating domain knowledge and expert insights into the analysis process enriches the interpretation and relevance of the results.","Sentence"
"Exploring the data through interactive dashboards and visualizations can facilitate stakeholder engagement and decision-making.","Sentence"
"Employing ensemble modeling techniques such as bagging, boosting, and stacking can improve model robustness and generalization.","Sentence"
"Utilizing advanced machine learning algorithms such as neural networks, support vector machines, and gradient boosting can capture complex patterns in the data.","Sentence"
"Exploring the temporal dynamics of the dataset over time can reveal trends, seasonality, and long-term patterns.","Sentence"
"Integrating external data sources such as demographic information, economic indicators, and social media data can enrich the analysis and provide additional context.","Sentence"
"Conducting sensitivity analysis and scenario planning can assess the robustness of findings under different assumptions and conditions.","Sentence"
"Performing data preprocessing tasks such as handling missing values, encoding categorical variables, and scaling features is essential for preparing the data for analysis.","Sentence"
"Exploring the data distribution through histograms, box plots, and density plots can reveal insights into its underlying structure and characteristics.","Sentence"
"Analyzing the relationships between variables using correlation matrices, scatter plots, and pair plots can identify patterns and dependencies in the data.","Sentence"
"Examining the distribution of the target variable across different categories and subgroups can provide insights into its variation and potential predictors.","Sentence"
"Exploring the data through descriptive statistics such as mean, median, standard deviation, and percentiles can summarize its central tendencies and variability.","Sentence"
"Visualizing the data using geographic maps, network graphs, and word clouds can uncover spatial patterns, connections, and textual insights.","Sentence"
"Applying dimensionality reduction techniques such as PCA and t-SNE can help visualize high-dimensional data in lower-dimensional space while preserving its structure.","Sentence"
"Conducting hypothesis testing and statistical inference can assess the significance of relationships and differences observed in the data.","Sentence"
"Employing time series analysis techniques such as decomposition, forecasting, and anomaly detection can uncover temporal patterns and trends in the data.","Sentence"
"Utilizing clustering algorithms such as K-means, hierarchical clustering, and DBSCAN can group similar data points together and identify natural clusters or segments.","Sentence"
"Performing feature importance analysis using tree-based models, permutation importance, or SHAP values can identify the most influential variables in predicting the target variable.","Sentence"
"Applying outlier detection methods such as z-score, isolation forest, and local outlier factor can identify unusual or anomalous data points in the dataset.","Sentence"
"Exploring the data through interactive visualizations and dashboards using tools like Plotly, Bokeh, and Dash can facilitate exploratory analysis and insight generation.","Sentence"
"Utilizing natural language processing techniques such as tokenization, named entity recognition, and sentiment analysis can extract valuable insights from textual data.","Sentence"
"Conducting sentiment analysis on text data using machine learning models or lexicon-based approaches can uncover sentiments, opinions, and attitudes expressed in the data.","Sentence"
"Exploring network data using graph analysis techniques such as centrality measures, community detection, and network visualization can reveal structural patterns and relationships.","Sentence"
"Applying reinforcement learning algorithms to sequential data can discover optimal decision-making strategies and policies based on feedback and rewards.","Sentence"
"import pandas as pd\nimport numpy as np\nimport matplotlib.pyplot as plt\nimport seaborn as sns\n\n# Load the dataset\ndata = pd.read_csv('dataset.csv')\n\n# Explore the first few rows of the dataset\nprint(data.head())\n\n# Check for missing values\nprint(data.isnull().sum())\n\n# Visualize the distribution of a numerical feature\nsns.histplot(data['numerical_feature'])\nplt.title('Distribution of Numerical Feature')\nplt.xlabel('Value')\nplt.ylabel('Frequency')\nplt.show()","Code"
"import pandas as pd\nimport numpy as np\nimport matplotlib.pyplot as plt\nimport seaborn as sns\n\n# Load the dataset\ndata = pd.read_csv('dataset.csv')\n\n# Explore the first few rows of the dataset\nprint(data.head())\n\n# Check for missing values\nprint(data.isnull().sum())\n\n# Visualize the relationship between two numerical features\nsns.scatterplot(x='feature1', y='feature2', data=data)\nplt.title('Relationship between Feature1 and Feature2')\nplt.xlabel('Feature1')\nplt.ylabel('Feature2')\nplt.show()","Code"
"import pandas as pd\nimport numpy as np\nimport matplotlib.pyplot as plt\nimport seaborn as sns\n\n# Load the dataset\ndata = pd.read_csv('dataset.csv')\n\n# Explore the first few rows of the dataset\nprint(data.head())\n\n# Check for missing values\nprint(data.isnull().sum())\n\n# Visualize the distribution of a categorical feature\nsns.countplot(x='categorical_feature', data=data)\nplt.title('Distribution of Categorical Feature')\nplt.xlabel('Category')\nplt.ylabel('Count')\nplt.show()","Code"
"import pandas as pd\nimport numpy as np\nimport matplotlib.pyplot as plt\nimport seaborn as sns\n\n# Load the dataset\ndata = pd.read_csv('dataset.csv')\n\n# Explore the first few rows of the dataset\nprint(data.head())\n\n# Check for missing values\nprint(data.isnull().sum())\n\n# Visualize the correlation matrix\nsns.heatmap(data.corr(), annot=True, cmap='coolwarm')\nplt.title('Correlation Matrix')\nplt.show()","Code"
"import pandas as pd\nimport numpy as np\nimport matplotlib.pyplot as plt\nimport seaborn as sns\n\n# Load the dataset\ndata = pd.read_csv('dataset.csv')\n\n# Explore the first few rows of the dataset\nprint(data.head())\n\n# Check for missing values\nprint(data.isnull().sum())\n\n# Visualize a box plot of a numerical feature\nsns.boxplot(x='numerical_feature', data=data)\nplt.title('Box Plot of Numerical Feature')\nplt.xlabel('Value')\nplt.show()","Code"
"import pandas as pd\nimport numpy as np\nimport matplotlib.pyplot as plt\nimport seaborn as sns\n\n# Load the dataset\ndata = pd.read_csv('dataset.csv')\n\n# Explore the first few rows of the dataset\nprint(data.head())\n\n# Check for missing values\nprint(data.isnull().sum())\n\n# Visualize the distribution of a numerical feature by category\nsns.violinplot(x='category', y='numerical_feature', data=data)\nplt.title('Distribution of Numerical Feature by Category')\nplt.xlabel('Category')\nplt.ylabel('Numerical Feature')\nplt.show()","Code"
"import pandas as pd\nimport numpy as np\nimport matplotlib.pyplot as plt\nimport seaborn as sns\n\n# Load the dataset\ndata = pd.read_csv('dataset.csv')\n\n# Explore the first few rows of the dataset\nprint(data.head())\n\n# Check for missing values\nprint(data.isnull().sum())\n\n# Visualize the distribution of a numerical feature over time\nsns.lineplot(x='date', y='numerical_feature', data=data)\nplt.title('Trend of Numerical Feature over Time')\nplt.xlabel('Date')\nplt.ylabel('Numerical Feature')\nplt.show()","Code"
"import pandas as pd\nimport numpy as np\nimport matplotlib.pyplot as plt\nimport seaborn as sns\n\n# Load the dataset\ndata = pd.read_csv('dataset.csv')\n\n# Explore the first few rows of the dataset\nprint(data.head())\n\n# Check for missing values\nprint(data.isnull().sum())\n\n# Visualize the distribution of a numerical feature by category\nsns.boxenplot(x='category', y='numerical_feature', data=data)\nplt.title('Boxen Plot of Numerical Feature by Category')\nplt.xlabel('Category')\nplt.ylabel('Numerical Feature')\nplt.show()","Code"
"import pandas as pd\nimport numpy as np\nimport matplotlib.pyplot as plt\nimport seaborn as sns\n\n# Load the dataset\ndata = pd.read_csv('dataset.csv')\n\n# Explore the first few rows of the dataset\nprint(data.head())\n\n# Check for missing values\nprint(data.isnull().sum())\n\n# Visualize the distribution of a numerical feature by category\nsns.swarmplot(x='category', y='numerical_feature', data=data)\nplt.title('Swarm Plot of Numerical Feature by Category')\nplt.xlabel('Category')\nplt.ylabel('Numerical Feature')\nplt.show()","Code"
"import pandas as pd\nimport numpy as np\nimport matplotlib.pyplot as plt\nimport seaborn as sns\n\n# Load the dataset\ndata = pd.read_csv('dataset.csv')\n\n# Explore the first few rows of the dataset\nprint(data.head())\n\n# Check for missing values\nprint(data.isnull().sum())\n\n# Visualize the distribution of a numerical feature by category\nsns.barplot(x='category', y='numerical_feature', data=data)\nplt.title('Bar Plot of Numerical Feature by Category')\nplt.xlabel('Category')\nplt.ylabel('Numerical Feature')\nplt.show()","Code"
"import pandas as pd\nimport numpy as np\nimport matplotlib.pyplot as plt\nimport seaborn as sns\n\n# Load the dataset\ndata = pd.read_csv('dataset.csv')\n\n# Explore the first few rows of the dataset\nprint(data.head())\n\n# Check for missing values\nprint(data.isnull().sum())\n\n# Visualize the distribution of a numerical feature by category\nsns.pointplot(x='category', y='numerical_feature', data=data)\nplt.title('Point Plot of Numerical Feature by Category')\nplt.xlabel('Category')\nplt.ylabel('Numerical Feature')\nplt.show()","Code"
"import pandas as pd\nimport numpy as np\nimport matplotlib.pyplot as plt\nimport seaborn as sns\n\n# Load the dataset\ndata = pd.read_csv('dataset.csv')\n\n# Explore the first few rows of the dataset\nprint(data.head())\n\n# Check for missing values\nprint(data.isnull().sum())\n\n# Visualize the distribution","Code"
"import seaborn as sns; sns.lineplot(data=df, x='date', y='value'); plt.show()",Code
"df = pd.read_csv('data.csv'); sns.scatterplot(x='age', y='income', data=df); plt.show()",Code
"fig, ax = plt.subplots(); sns.histplot(df['height'], kde=True, ax=ax); plt.title('Height Distribution'); plt.show()",Code
"sns.barplot(x='category', y='sales', data=sales_data); plt.xlabel('Product Category'); plt.ylabel('Sales'); plt.show()",Code
"heatmap_data = sns.heatmap(df.corr(), annot=True, cmap='viridis'); plt.title('Correlation Heatmap'); plt.show()",Code
"sns.pairplot(df, hue='species'); plt.savefig('pairplot.png'); plt.close()",Code
"plt.figure(figsize=(10, 6)); sns.boxplot(x='month', y='temperature', data=weather_data); plt.show()",Code
"sns.violinplot(x='gender', y='scores', data=students_df); plt.title('Scores by Gender'); plt.show()",Code
"Thorough data exploration is essential for drawing meaningful conclusions.",Sentence
"Analyzing trends over time can reveal important insights into seasonal patterns.",Sentence
"Understanding variable relationships helps in identifying key influencers in the data.",Sentence
"Visualizations can uncover hidden patterns and facilitate better communication of findings.",Sentence
"Exploratory data analysis is a critical step in the data science workflow.",Sentence
"Correlation analysis helps in understanding the strength of relationships between variables.",Sentence
"Detecting outliers is crucial for ensuring the accuracy of the analysis.",Sentence
"Data preprocessing involves cleaning and transforming data to improve its quality.",Sentence
"Advanced machine learning models can capture complex patterns in the data.",Sentence
"Feature engineering can significantly improve model performance by creating new input features.",Sentence
"Interactive dashboards make it easier to explore data and share insights with stakeholders.",Sentence
"Dimensionality reduction techniques help in visualizing high-dimensional data.",Sentence
"Clustering algorithms can identify natural groupings within the data.",Sentence
"Time series analysis provides insights into trends, seasonality, and cyclic patterns.",Sentence
"The insights derived from data analysis can inform strategic decision-making.",Sentence
"Data visualization tools enhance the ability to understand and interpret data quickly.",Sentence